date,time,phase,phaseid,datetime,timestamp,friendlydate,timezone
01/04/2024,03:30 AM,Last Quarter,4,2024-01-04 03:30:00,1704339000,"January 4, 2024","UTC"
01/11/2024,11:57 AM,New Moon,1,2024-01-11 11:57:00,1704974220,"January 11, 2024","UTC"
01/18/2024,03:52 AM,First Quarter,2,2024-01-18 03:52:00,1705549920,"January 18, 2024","UTC"
01/25/2024,05:54 PM,Full Moon,3,2024-01-25 17:54:00,1706205240,"January 25, 2024","UTC"
02/02/2024,11:18 PM,Last Quarter,4,2024-02-02 23:18:00,1706915880,"February 2, 2024","UTC"
02/09/2024,10:59 PM,New Moon,1,2024-02-09 22:59:00,1707519540,"February 9, 2024","UTC"
02/16/2024,03:01 PM,First Quarter,2,2024-02-16 15:01:00,1708095660,"February 16, 2024","UTC"
02/24/2024,12:30 PM,Full Moon,3,2024-02-24 12:30:00,1708777800,"February 24, 2024","UTC"
03/03/2024,03:23 PM,Last Quarter,4,2024-03-03 15:23:00,1709479380,"March 3, 2024","UTC"
03/10/2024,09:00 AM,New Moon,1,2024-03-10 09:00:00,1710061200,"March 10, 2024","UTC"
03/17/2024,04:11 AM,First Quarter,2,2024-03-17 04:11:00,1710648660,"March 17, 2024","UTC"
03/25/2024,07:00 AM,Full Moon,3,2024-03-25 07:00:00,1711350000,"March 25, 2024","UTC"
04/02/2024,03:15 AM,Last Quarter,4,2024-04-02 03:15:00,1712027700,"April 2, 2024","UTC"
04/08/2024,06:21 PM,New Moon,1,2024-04-08 18:21:00,1712600460,"April 8, 2024","UTC"
04/15/2024,07:13 PM,First Quarter,2,2024-04-15 19:13:00,1713208380,"April 15, 2024","UTC"
04/23/2024,11:49 PM,Full Moon,3,2024-04-23 23:49:00,1713916140,"April 23, 2024","UTC"
05/01/2024,11:27 AM,Last Quarter,4,2024-05-01 11:27:00,1714562820,"May 1, 2024","UTC"
05/08/2024,03:22 AM,New Moon,1,2024-05-08 03:22:00,1715138520,"May 8, 2024","UTC"
05/15/2024,11:48 AM,First Quarter,2,2024-05-15 11:48:00,1715773680,"May 15, 2024","UTC"
05/23/2024,01:53 PM,Full Moon,3,2024-05-23 13:53:00,1716472380,"May 23, 2024","UTC"
05/30/2024,05:13 PM,Last Quarter,4,2024-05-30 17:13:00,1717089180,"May 30, 2024","UTC"
06/06/2024,12:38 PM,New Moon,1,2024-06-06 12:38:00,1717677480,"June 6, 2024","UTC"
06/14/2024,05:18 AM,First Quarter,2,2024-06-14 05:18:00,1718342280,"June 14, 2024","UTC"
06/22/2024,01:08 AM,Full Moon,3,2024-06-22 01:08:00,1719018480,"June 22, 2024","UTC"
06/28/2024,09:53 PM,Last Quarter,4,2024-06-28 21:53:00,1719611580,"June 28, 2024","UTC"
07/05/2024,10:57 PM,New Moon,1,2024-07-05 22:57:00,1720220220,"July 5, 2024","UTC"
07/13/2024,10:49 PM,First Quarter,2,2024-07-13 22:49:00,1720910940,"July 13, 2024","UTC"
07/21/2024,10:17 AM,Full Moon,3,2024-07-21 10:17:00,1721557020,"July 21, 2024","UTC"
07/28/2024,02:51 AM,Last Quarter,4,2024-07-28 02:51:00,1722135060,"July 28, 2024","UTC"
08/04/2024,11:13 AM,New Moon,1,2024-08-04 11:13:00,1722769980,"August 4, 2024","UTC"
08/12/2024,03:19 PM,First Quarter,2,2024-08-12 15:19:00,1723475940,"August 12, 2024","UTC"
08/19/2024,06:26 PM,Full Moon,3,2024-08-19 18:26:00,1724091960,"August 19, 2024","UTC"
08/26/2024,09:26 AM,Last Quarter,4,2024-08-26 09:26:00,1724664360,"August 26, 2024","UTC"
09/03/2024,01:55 AM,New Moon,1,2024-09-03 01:55:00,1725328500,"September 3, 2024","UTC"
09/11/2024,06:05 AM,First Quarter,2,2024-09-11 06:05:00,1726034700,"September 11, 2024","UTC"
09/18/2024,02:34 AM,Full Moon,3,2024-09-18 02:34:00,1726626840,"September 18, 2024","UTC"
09/24/2024,06:50 PM,Last Quarter,4,2024-09-24 18:50:00,1727203800,"September 24, 2024","UTC"
10/02/2024,06:49 PM,New Moon,1,2024-10-02 18:49:00,1727894940,"October 2, 2024","UTC"
10/10/2024,06:55 PM,First Quarter,2,2024-10-10 18:55:00,1728586500,"October 10, 2024","UTC"
10/17/2024,11:26 AM,Full Moon,3,2024-10-17 11:26:00,1729164360,"October 17, 2024","UTC"
10/24/2024,08:03 AM,Last Quarter,4,2024-10-24 08:03:00,1729756980,"October 24, 2024","UTC"
11/01/2024,12:47 PM,New Moon,1,2024-11-01 12:47:00,1730465220,"November 1, 2024","UTC"
11/09/2024,05:55 AM,First Quarter,2,2024-11-09 05:55:00,1731131700,"November 9, 2024","UTC"
11/15/2024,09:28 PM,Full Moon,3,2024-11-15 21:28:00,1731706080,"November 15, 2024","UTC"
11/23/2024,01:28 AM,Last Quarter,4,2024-11-23 01:28:00,1732325280,"November 23, 2024","UTC"
12/01/2024,06:21 AM,New Moon,1,2024-12-01 06:21:00,1733034060,"December 1, 2024","UTC"
12/08/2024,03:26 PM,First Quarter,2,2024-12-08 15:26:00,1733671560,"December 8, 2024","UTC"
12/15/2024,09:02 AM,Full Moon,3,2024-12-15 09:02:00,1734253320,"December 15, 2024","UTC"
12/22/2024,10:18 PM,Last Quarter,4,2024-12-22 22:18:00,1734905880,"December 22, 2024","UTC"
12/30/2024,10:27 PM,New Moon,1,2024-12-30 22:27:00,1735597620,"December 30, 2024","UTC"
01/06/2025,11:56 PM,First Quarter,2,2025-01-06 23:56:00,1736207760,"January 6, 2025","UTC"
01/13/2025,10:27 PM,Full Moon,3,2025-01-13 22:27:00,1736807220,"January 13, 2025","UTC"
01/21/2025,08:31 PM,Last Quarter,4,2025-01-21 20:31:00,1737491460,"January 21, 2025","UTC"
01/29/2025,12:36 PM,New Moon,1,2025-01-29 12:36:00,1738154160,"January 29, 2025","UTC"
02/05/2025,08:02 AM,First Quarter,2,2025-02-05 08:02:00,1738742520,"February 5, 2025","UTC"
02/12/2025,01:53 PM,Full Moon,3,2025-02-12 13:53:00,1739368380,"February 12, 2025","UTC"
02/20/2025,05:32 PM,Last Quarter,4,2025-02-20 17:32:00,1740072720,"February 20, 2025","UTC"
02/28/2025,12:45 AM,New Moon,1,2025-02-28 00:45:00,1740703500,"February 28, 2025","UTC"
03/06/2025,04:31 PM,First Quarter,2,2025-03-06 16:31:00,1741278660,"March 6, 2025","UTC"
03/14/2025,06:55 AM,Full Moon,3,2025-03-14 06:55:00,1741935300,"March 14, 2025","UTC"
03/22/2025,11:29 AM,Last Quarter,4,2025-03-22 11:29:00,1742642940,"March 22, 2025","UTC"
03/29/2025,10:58 AM,New Moon,1,2025-03-29 10:58:00,1743245880,"March 29, 2025","UTC"
04/05/2025,02:15 AM,First Quarter,2,2025-04-05 02:15:00,1743819300,"April 5, 2025","UTC"
04/13/2025,12:22 AM,Full Moon,3,2025-04-13 00:22:00,1744503720,"April 13, 2025","UTC"
04/21/2025,01:35 AM,Last Quarter,4,2025-04-21 01:35:00,1745199300,"April 21, 2025","UTC"
04/27/2025,07:31 PM,New Moon,1,2025-04-27 19:31:00,1745782260,"April 27, 2025","UTC"
05/04/2025,01:52 PM,First Quarter,2,2025-05-04 13:52:00,1746366720,"May 4, 2025","UTC"
05/12/2025,04:56 PM,Full Moon,3,2025-05-12 16:56:00,1747068960,"May 12, 2025","UTC"
05/20/2025,11:59 AM,Last Quarter,4,2025-05-20 11:59:00,1747742340,"May 20, 2025","UTC"
05/27/2025,03:02 AM,New Moon,1,2025-05-27 03:02:00,1748314920,"May 27, 2025","UTC"
06/03/2025,03:41 AM,First Quarter,2,2025-06-03 03:41:00,1748922060,"June 3, 2025","UTC"
06/11/2025,07:44 AM,Full Moon,3,2025-06-11 07:44:00,1749627840,"June 11, 2025","UTC"
06/18/2025,07:19 PM,Last Quarter,4,2025-06-18 19:19:00,1750274340,"June 18, 2025","UTC"
06/25/2025,10:31 AM,New Moon,1,2025-06-25 10:31:00,1750847460,"June 25, 2025","UTC"
07/02/2025,07:30 PM,First Quarter,2,2025-07-02 19:30:00,1751484600,"July 2, 2025","UTC"
07/10/2025,08:37 PM,Full Moon,3,2025-07-10 20:37:00,1752179820,"July 10, 2025","UTC"
07/18/2025,12:38 AM,Last Quarter,4,2025-07-18 00:38:00,1752799080,"July 18, 2025","UTC"
07/24/2025,07:11 PM,New Moon,1,2025-07-24 19:11:00,1753384260,"July 24, 2025","UTC"
08/01/2025,12:41 PM,First Quarter,2,2025-08-01 12:41:00,1754052060,"August 1, 2025","UTC"
08/09/2025,07:55 AM,Full Moon,3,2025-08-09 07:55:00,1754726100,"August 9, 2025","UTC"
08/16/2025,05:12 AM,Last Quarter,4,2025-08-16 05:12:00,1755321120,"August 16, 2025","UTC"
08/23/2025,06:06 AM,New Moon,1,2025-08-23 06:06:00,1755929160,"August 23, 2025","UTC"
08/31/2025,06:25 AM,First Quarter,2,2025-08-31 06:25:00,1756621500,"August 31, 2025","UTC"
09/07/2025,06:09 PM,Full Moon,3,2025-09-07 18:09:00,1757268540,"September 7, 2025","UTC"
09/14/2025,10:33 AM,Last Quarter,4,2025-09-14 10:33:00,1757845980,"September 14, 2025","UTC"
09/21/2025,07:54 PM,New Moon,1,2025-09-21 19:54:00,1758484440,"September 21, 2025","UTC"
09/29/2025,11:54 PM,First Quarter,2,2025-09-29 23:54:00,1759190040,"September 29, 2025","UTC"
10/07/2025,03:47 AM,Full Moon,3,2025-10-07 03:47:00,1759808820,"October 7, 2025","UTC"
10/13/2025,06:13 PM,Last Quarter,4,2025-10-13 18:13:00,1760379180,"October 13, 2025","UTC"
10/21/2025,12:25 PM,New Moon,1,2025-10-21 12:25:00,1761049500,"October 21, 2025","UTC"
10/29/2025,04:21 PM,First Quarter,2,2025-10-29 16:21:00,1761754860,"October 29, 2025","UTC"
11/05/2025,01:19 PM,Full Moon,3,2025-11-05 13:19:00,1762348740,"November 5, 2025","UTC"
11/12/2025,05:28 AM,Last Quarter,4,2025-11-12 05:28:00,1762925280,"November 12, 2025","UTC"
11/20/2025,06:47 AM,New Moon,1,2025-11-20 06:47:00,1763621220,"November 20, 2025","UTC"
11/28/2025,06:59 AM,First Quarter,2,2025-11-28 06:59:00,1764313140,"November 28, 2025","UTC"
12/04/2025,11:14 PM,Full Moon,3,2025-12-04 23:14:00,1764890040,"December 4, 2025","UTC"
12/11/2025,08:52 PM,Last Quarter,4,2025-12-11 20:52:00,1765486320,"December 11, 2025","UTC"
12/20/2025,01:43 AM,New Moon,1,2025-12-20 01:43:00,1766194980,"December 20, 2025","UTC"
12/27/2025,07:10 PM,First Quarter,2,2025-12-27 19:10:00,1766862600,"December 27, 2025","UTC"
01/03/2026,10:03 AM,Full Moon,3,2026-01-03 10:03:00,1767434580,"January 3, 2026","UTC"
01/10/2026,03:48 PM,Last Quarter,4,2026-01-10 15:48:00,1768060080,"January 10, 2026","UTC"
01/18/2026,07:52 PM,New Moon,1,2026-01-18 19:52:00,1768765920,"January 18, 2026","UTC"
01/26/2026,04:47 AM,First Quarter,2,2026-01-26 04:47:00,1769402820,"January 26, 2026","UTC"
02/01/2026,10:09 PM,Full Moon,3,2026-02-01 22:09:00,1769983740,"February 1, 2026","UTC"
02/09/2026,12:43 PM,Last Quarter,4,2026-02-09 12:43:00,1770640980,"February 9, 2026","UTC"
02/17/2026,12:01 PM,New Moon,1,2026-02-17 12:01:00,1771329660,"February 17, 2026","UTC"
02/24/2026,12:27 PM,First Quarter,2,2026-02-24 12:27:00,1771936020,"February 24, 2026","UTC"
03/03/2026,11:38 AM,Full Moon,3,2026-03-03 11:38:00,1772537880,"March 3, 2026","UTC"
03/11/2026,09:38 AM,Last Quarter,4,2026-03-11 09:38:00,1773221880,"March 11, 2026","UTC"
03/19/2026,01:23 AM,New Moon,1,2026-03-19 01:23:00,1773883380,"March 19, 2026","UTC"
03/25/2026,07:18 PM,First Quarter,2,2026-03-25 19:18:00,1774466280,"March 25, 2026","UTC"
04/02/2026,02:12 AM,Full Moon,3,2026-04-02 02:12:00,1775095920,"April 2, 2026","UTC"
04/10/2026,04:51 AM,Last Quarter,4,2026-04-10 04:51:00,1775796660,"April 10, 2026","UTC"
04/17/2026,11:52 AM,New Moon,1,2026-04-17 11:52:00,1776426720,"April 17, 2026","UTC"
04/24/2026,02:32 AM,First Quarter,2,2026-04-24 02:32:00,1776997920,"April 24, 2026","UTC"
05/01/2026,05:23 PM,Full Moon,3,2026-05-01 17:23:00,1777656180,"May 1, 2026","UTC"
05/09/2026,09:10 PM,Last Quarter,4,2026-05-09 21:10:00,1778361000,"May 9, 2026","UTC"
05/16/2026,08:01 PM,New Moon,1,2026-05-16 20:01:00,1778961660,"May 16, 2026","UTC"
05/23/2026,11:11 AM,First Quarter,2,2026-05-23 11:11:00,1779534660,"May 23, 2026","UTC"
05/31/2026,08:45 AM,Full Moon,3,2026-05-31 08:45:00,1780217100,"May 31, 2026","UTC"
06/08/2026,10:00 AM,Last Quarter,4,2026-06-08 10:00:00,1780912800,"June 8, 2026","UTC"
06/15/2026,02:54 AM,New Moon,1,2026-06-15 02:54:00,1781492040,"June 15, 2026","UTC"
06/21/2026,09:55 PM,First Quarter,2,2026-06-21 21:55:00,1782078900,"June 21, 2026","UTC"
06/29/2026,11:56 PM,Full Moon,3,2026-06-29 23:56:00,1782777360,"June 29, 2026","UTC"
07/07/2026,07:29 PM,Last Quarter,4,2026-07-07 19:29:00,1783452540,"July 7, 2026","UTC"
07/14/2026,09:43 AM,New Moon,1,2026-07-14 09:43:00,1784022180,"July 14, 2026","UTC"
07/21/2026,11:05 AM,First Quarter,2,2026-07-21 11:05:00,1784631900,"July 21, 2026","UTC"
07/29/2026,02:36 PM,Full Moon,3,2026-07-29 14:36:00,1785335760,"July 29, 2026","UTC"
08/06/2026,02:21 AM,Last Quarter,4,2026-08-06 02:21:00,1785982860,"August 6, 2026","UTC"
08/12/2026,05:37 PM,New Moon,1,2026-08-12 17:37:00,1786556220,"August 12, 2026","UTC"
08/20/2026,02:46 AM,First Quarter,2,2026-08-20 02:46:00,1787193960,"August 20, 2026","UTC"
08/28/2026,04:18 AM,Full Moon,3,2026-08-28 04:18:00,1787890680,"August 28, 2026","UTC"
09/04/2026,07:51 AM,Last Quarter,4,2026-09-04 07:51:00,1788508260,"September 4, 2026","UTC"
09/11/2026,03:27 AM,New Moon,1,2026-09-11 03:27:00,1789097220,"September 11, 2026","UTC"
09/18/2026,08:44 PM,First Quarter,2,2026-09-18 20:44:00,1789764240,"September 18, 2026","UTC"
09/26/2026,04:49 PM,Full Moon,3,2026-09-26 16:49:00,1790441340,"September 26, 2026","UTC"
10/03/2026,01:25 PM,Last Quarter,4,2026-10-03 13:25:00,1791033900,"October 3, 2026","UTC"
10/10/2026,03:50 PM,New Moon,1,2026-10-10 15:50:00,1791647400,"October 10, 2026","UTC"
10/18/2026,04:12 PM,First Quarter,2,2026-10-18 16:12:00,1792339920,"October 18, 2026","UTC"
10/26/2026,04:12 AM,Full Moon,3,2026-10-26 04:12:00,1792987920,"October 26, 2026","UTC"
11/01/2026,08:28 PM,Last Quarter,4,2026-11-01 20:28:00,1793564880,"November 1, 2026","UTC"
11/09/2026,07:02 AM,New Moon,1,2026-11-09 07:02:00,1794207720,"November 9, 2026","UTC"
11/17/2026,11:48 AM,First Quarter,2,2026-11-17 11:48:00,1794916080,"November 17, 2026","UTC"
11/24/2026,02:53 PM,Full Moon,3,2026-11-24 14:53:00,1795531980,"November 24, 2026","UTC"
12/01/2026,06:08 AM,Last Quarter,4,2026-12-01 06:08:00,1796105280,"December 1, 2026","UTC"
12/09/2026,12:52 AM,New Moon,1,2026-12-09 00:52:00,1796777520,"December 9, 2026","UTC"
12/17/2026,05:42 AM,First Quarter,2,2026-12-17 05:42:00,1797486120,"December 17, 2026","UTC"
12/24/2026,01:28 AM,Full Moon,3,2026-12-24 01:28:00,1798075680,"December 24, 2026","UTC"
12/30/2026,06:59 PM,Last Quarter,4,2026-12-30 18:59:00,1798657140,"December 30, 2026","UTC"
01/07/2027,08:24 PM,New Moon,1,2027-01-07 20:24:00,1799353440,"January 7, 2027","UTC"
01/15/2027,08:34 PM,First Quarter,2,2027-01-15 20:34:00,1800045240,"January 15, 2027","UTC"
01/22/2027,12:17 PM,Full Moon,3,2027-01-22 12:17:00,1800620220,"January 22, 2027","UTC"
01/29/2027,10:55 AM,Last Quarter,4,2027-01-29 10:55:00,1801220100,"January 29, 2027","UTC"
02/06/2027,03:56 PM,New Moon,1,2027-02-06 15:56:00,1801929360,"February 6, 2027","UTC"
02/14/2027,07:58 AM,First Quarter,2,2027-02-14 07:58:00,1802591880,"February 14, 2027","UTC"
02/20/2027,11:23 PM,Full Moon,3,2027-02-20 23:23:00,1803165780,"February 20, 2027","UTC"
02/28/2027,05:16 AM,Last Quarter,4,2027-02-28 05:16:00,1803791760,"February 28, 2027","UTC"
03/08/2027,09:29 AM,New Moon,1,2027-03-08 09:29:00,1804498140,"March 8, 2027","UTC"
03/15/2027,04:25 PM,First Quarter,2,2027-03-15 16:25:00,1805127900,"March 15, 2027","UTC"
03/22/2027,10:44 AM,Full Moon,3,2027-03-22 10:44:00,1805712240,"March 22, 2027","UTC"
03/30/2027,12:54 AM,Last Quarter,4,2027-03-30 00:54:00,1806368040,"March 30, 2027","UTC"
04/06/2027,11:51 PM,New Moon,1,2027-04-06 23:51:00,1807055460,"April 6, 2027","UTC"
04/13/2027,10:56 PM,First Quarter,2,2027-04-13 22:56:00,1807656960,"April 13, 2027","UTC"
04/20/2027,10:27 PM,Full Moon,3,2027-04-20 22:27:00,1808260020,"April 20, 2027","UTC"
04/28/2027,08:18 PM,Last Quarter,4,2027-04-28 20:18:00,1808943480,"April 28, 2027","UTC"
05/06/2027,10:58 AM,New Moon,1,2027-05-06 10:58:00,1809601080,"May 6, 2027","UTC"
05/13/2027,04:44 AM,First Quarter,2,2027-05-13 04:44:00,1810183440,"May 13, 2027","UTC"
05/20/2027,10:59 AM,Full Moon,3,2027-05-20 10:59:00,1810810740,"May 20, 2027","UTC"
05/28/2027,01:58 PM,Last Quarter,4,2027-05-28 13:58:00,1811512680,"May 28, 2027","UTC"
06/04/2027,07:40 PM,New Moon,1,2027-06-04 19:40:00,1812138000,"June 4, 2027","UTC"
06/11/2027,10:56 AM,First Quarter,2,2027-06-11 10:56:00,1812711360,"June 11, 2027","UTC"
06/19/2027,12:44 AM,Full Moon,3,2027-06-19 00:44:00,1813365840,"June 19, 2027","UTC"
06/27/2027,04:54 AM,Last Quarter,4,2027-06-27 04:54:00,1814072040,"June 27, 2027","UTC"
07/04/2027,03:02 AM,New Moon,1,2027-07-04 03:02:00,1814670120,"July 4, 2027","UTC"
07/10/2027,06:39 PM,First Quarter,2,2027-07-10 18:39:00,1815244740,"July 10, 2027","UTC"
07/18/2027,03:45 PM,Full Moon,3,2027-07-18 15:45:00,1815925500,"July 18, 2027","UTC"
07/26/2027,04:55 PM,Last Quarter,4,2027-07-26 16:55:00,1816620900,"July 26, 2027","UTC"
08/02/2027,10:05 AM,New Moon,1,2027-08-02 10:05:00,1817201100,"August 2, 2027","UTC"
08/09/2027,04:54 AM,First Quarter,2,2027-08-09 04:54:00,1817787240,"August 9, 2027","UTC"
08/17/2027,07:29 AM,Full Moon,3,2027-08-17 07:29:00,1818487740,"August 17, 2027","UTC"
08/25/2027,02:27 AM,Last Quarter,4,2027-08-25 02:27:00,1819160820,"August 25, 2027","UTC"
08/31/2027,05:41 PM,New Moon,1,2027-08-31 17:41:00,1819734060,"August 31, 2027","UTC"
09/07/2027,06:31 PM,First Quarter,2,2027-09-07 18:31:00,1820341860,"September 7, 2027","UTC"
09/15/2027,11:03 PM,Full Moon,3,2027-09-15 23:03:00,1821049380,"September 15, 2027","UTC"
09/23/2027,10:20 AM,Last Quarter,4,2027-09-23 10:20:00,1821694800,"September 23, 2027","UTC"
09/30/2027,02:36 AM,New Moon,1,2027-09-30 02:36:00,1822271760,"September 30, 2027","UTC"
10/07/2027,11:47 AM,First Quarter,2,2027-10-07 11:47:00,1822909620,"October 7, 2027","UTC"
10/15/2027,01:47 PM,Full Moon,3,2027-10-15 13:47:00,1823608020,"October 15, 2027","UTC"
10/22/2027,05:29 PM,Last Quarter,4,2027-10-22 17:29:00,1824226140,"October 22, 2027","UTC"
10/29/2027,01:36 PM,New Moon,1,2027-10-29 13:36:00,1824816960,"October 29, 2027","UTC"
11/06/2027,08:00 AM,First Quarter,2,2027-11-06 08:00:00,1825488000,"November 6, 2027","UTC"
11/14/2027,03:26 AM,Full Moon,3,2027-11-14 03:26:00,1826162760,"November 14, 2027","UTC"
11/21/2027,12:48 AM,Last Quarter,4,2027-11-21 00:48:00,1826758080,"November 21, 2027","UTC"
11/28/2027,03:24 AM,New Moon,1,2027-11-28 03:24:00,1827372240,"November 28, 2027","UTC"
12/06/2027,05:22 AM,First Quarter,2,2027-12-06 05:22:00,1828070520,"December 6, 2027","UTC"
12/13/2027,04:09 PM,Full Moon,3,2027-12-13 16:09:00,1828714140,"December 13, 2027","UTC"
12/20/2027,09:11 AM,Last Quarter,4,2027-12-20 09:11:00,1829293860,"December 20, 2027","UTC"
12/27/2027,08:12 PM,New Moon,1,2027-12-27 20:12:00,1829938320,"December 27, 2027","UTC"
